_id,label,table1.id,table2.id,table1.Beer_Name,table2.Beer_Name,table1.Brew_Factory_Name,table2.Brew_Factory_Name,table1.Style,table2.Style,table1.ABV,table2.ABV
0,0,2082,1496,C N Red Imperial Red Ale,Kinetic Infrared Imperial Red Ale,Redwood Lodge,Kinetic Brewing Company,American Amber / Red Ale,American Strong Ale,8.10 %,9.30 %
1,1,982,2999,Sanibel Red Island Ale,Point Ybel Sanibel Red Island Ale,Point Ybel Brewing Company,Point Ybel Brewing Company,American Amber / Red Ale,Irish Ale,5.60 %,5.60 %
2,0,3715,2562,Kniksen India Red Ale,Boneyard Skunkape India Red Ale,7 Fjell Bryggeri,Boneyard Beer Company,American Amber / Red Ale,India Pale Ale &#40; IPA &#41;,6.80 %,6.50 %
3,0,3246,284,Buffalo Trace Bourbon Barrel Aged Amber Ale,Ballast Point Calico Amber Ale - Rum Barrel Aged,Wolf Hills Brewing Company,Ballast Point Brewing Company,American Amber / Red Ale,Amber Ale,-,5 %
4,1,1931,810,Poor Richard 's Ale,21st Amendment Poor Richards Ale,Dry Dock Brewing Co. .,21st Amendment Brewery,American Amber / Red Ale,Traditional Ale,6.50 %,7 %
5,0,704,411,Redeemer Imperial Red Ale,Laurelwood Organic Deranger Imperial Red Ale,Boston Beer Works - Canal Street,Laurelwood Public House & Brewery,American Amber / Red Ale,American Strong Ale,8.20 %,8.60 %
6,0,1880,872,Big Axe Red Ale,Big Spruce Ready Yer Knot ... Regatta Red Ale,Big Axe Brewing Company,Big Spruce Brewing,American Amber / Red Ale,Amber Ale,6.80 %,-
7,0,3325,2266,Roundabout Imperial Red Ale,Anacapa Riptide Imperial Red Ale,Bonfire Brewing Co. .,Anacapa Brewing Company,American Amber / Red Ale,American Strong Ale,8.80 %,8 %
8,0,2047,1103,Merry Prankster Imperial Red Ale,Tumbledown Imp Imperial Red Ale,Rock Bottom Restaurant & Brewery,Tumbledown Brewing LLC,American Amber / Red Ale,American Strong Ale,4.56 %,7.80 %
9,0,2718,2787,Extra Special Red Ale,Ecliptic Phobos Extra Red Ale,Alpha Brewing Company,Ecliptic Brewing,American Amber / Red Ale,Amber Ale,5.00 %,5.20 %
10,0,141,2672,Aorta Ale ( Double Red Ale ),Destihl Barrel Aged Deadhead Double Red Ale,Short 's Brewing Company,Destihl Brewery,American Amber / Red Ale,American Strong Ale,8.30 %,-
11,0,4138,823,Three Sheets Barleywine ( Barrel Aged ),&#40; 512 &#41; Cabernet Barrel Aged Three,Ballast Point Brewing Company,&#40; 512 &#41; Brewing Company,American Barleywine,Abbey Tripel,9.00 %,9.50 %
12,1,190,805,Peak Organic The Maple Collaboration,Peak Organic The Maple Collaboration,Peak Organic Brewing Company,Shipyard Brewing Company,American Amber / Red Ale,Amber Ale,7.00 %,6.70 %
13,0,2277,1255,Bourbon Barrel Red Oak Ale,Ballast Point Tongue Buckler Imperial Red Ale - Bourbon Barrel Aged,Tornado Brewing Company,Ballast Point Brewing Company,American Amber / Red Ale,American Strong Ale,-,10 %
14,0,4162,2313,John Barleycorn - Bourbon Barrel Aged,AleSmith Old Numbskull - Bourbon Barrel Aged,Mad River Brewing Company,AleSmith Brewing Company,American Barleywine,Barley Wine,12.50 %,11 %
15,1,1850,742,Royal Amber Ale,Kalamazoo Royal Amber Ale,Hops Grillhouse & Brewery,Bells Brewery,American Amber / Red Ale,Amber Ale,4.50 %,-
16,1,2909,1529,The Gentle Mongoose,Holy City The Gentle Mongoose,Holy City Brewing,Holy City Brewing,American Amber / Red Ale,Amber Ale,6.90 %,6.90 %
17,0,3963,1026,Hop Around Imperial Red Ale,ShuBrew Heart and Sole Imperial Red Ale,Big Bay Brewing Co. .,ShuBrew,American Amber / Red Ale,American Strong Ale,9.00 %,6.80 %
18,0,2480,558,3 Sisters American Red Ale,Saimaan Brewer_s Special American Red Ale,Wild Ride Brewing Co. .,Saimaan Juomatehdas,American Amber / Red Ale,Amber Ale,6.00 %,4.70 %
19,0,1185,2991,Dread Double Red Ale,Wildcard Double Down Imperial Red Ale,Bullfrog Brewery,Wildcard Brewing Company,American Amber / Red Ale,American Strong Ale,7.80 %,7.50 %
20,0,2433,2722,Mountain Series : Love Rhino ( Imperial Red Ale ),Madhouse Venture Series Oak Aged Imperial Red,Breckenridge Brewery,Madhouse Brewing Company,American Amber / Red Ale,American Strong Ale,8.90 %,8.50 %
21,1,2175,996,Cow Catcher Red,Mountain Town Cow Catcher Red Ale,Mountain Town Station Brewing Co. & Steakhouse,Mountain Town Brewing Company,American Amber / Red Ale,Amber Ale,-,5.80 %
22,0,1466,972,Texas Red Amber Ale,William Street Red Sky Amber Ale,Big Texan Brewery,William Street Beer Co. .,American Amber / Red Ale,Amber Ale,4.50 %,5 %
23,0,178,838,6th Anniversary Ale ( Dirty Hippie Imperial Red Ale ),Brew Bus Detour Series : Rollin Dirty Red Ale - Wood Aged,Kern River Brewing Company,Cigar City Brewing,American Amber / Red Ale,Irish Ale,8.00 %,5 %
24,0,732,621,Saint Gleason Imperial Red Ale,Mission Carrack Imperial Red Ale,Abita Brewing Co. .,Mission Brewery,American Amber / Red Ale,American Strong Ale,-,10.20 %
25,0,2423,881,Bourbon Barrel Ro Shampo Imperial Red Ale,Sick N Twisted Naughty Redhead Imperial Red Ale,Figure 8 Brewing,Sick N Twisted Brewing Company,American Amber / Red Ale,Amber Ale,-,8 %
26,0,1857,1860,Ruby River Ruby Red Ale,Pokertree Red Earl Ruby Ale,Ruby River Steakhouse & Brewery,Pokertree,American Amber / Red Ale,Amber Ale,4.00 %,5.50 %
27,0,3388,99,Stone Liberty Station Outbreak Series : Red Ale,Liberty High Point Rocket_s Red Ale,Stone Brewing Co. .,Liberty Brewery & Grill - High Point,American Amber / Red Ale,Irish Ale,7.00 %,-
28,0,2125,22,Channary Imperial Red Ale,Fulton The Libertine Imperial Red Ale - Heaven Hill Rye Whiskey Barrel Aged,Narrows Brewing Co. .,Fulton Beer Company,American Amber / Red Ale,American Strong Ale,9.40 %,8.50 %
29,0,3605,521,Constanza _ ™ s Hoppy Red Ale,Spiteful Angry Adam Hoppy Red Ale,Bomber Brewing,Spiteful Brewing,American Amber / Red Ale,Amber Ale,6.20 %,6 %
30,0,2272,64,Arsenal Imperial Red Ale,Wynwood Fox Imperial Red Ale,Great River Brewery,Wynwood Brewing Company,American Amber / Red Ale,American Strong Ale,9.00 %,7.70 %
31,0,492,1661,Double Dragon Imperial Red Ale,Edge Imperial Red Ale &#40; Spring Seasonal &#41;,Phillips Brewing Company,Edge Brewing Company,American Amber / Red Ale,American Strong Ale,8.20 %,8.50 %
32,0,4200,469,Bourbon Barrel Aged Auld Bitch,Aspen Bourbon Barrel Aged Conundrum Red Ale,Tahoe Mountain Brewing Co. .,Aspen Brewing Company,American Barleywine,Amber Ale,11.00 %,6.50 %
33,1,4101,2360,Kuhnhenn Extraneous Ale,Kuhnhenn Extraneous Ale,Kuhnhenn Brewing Company,Kuhnhenn Brewing,American Barleywine,Barley Wine,17.00 %,17.50 %
34,0,285,623,Lavery Imperial Red Ale,Oak Creek King Crimson Imperial Red Ale,Lavery Brewing Company,Oak Creek Brewing Co. .,American Amber / Red Ale,American Strong Ale,8.20 %,9.50 %
35,0,2602,1255,Broadhead Bourbon Barrel Aged Red,Ballast Point Tongue Buckler Imperial Red Ale - Bourbon Barrel Aged,Bainbridge Island Brewing Company,Ballast Point Brewing Company,American Amber / Red Ale,American Strong Ale,8.50 %,10 %
36,1,890,2580,Ballistic Brewing Co. - Gorgon Red Ale,Ballistic Brewing Gorgon Red Ale,Indian Wells Brewing Company,Indian Wells Brewing,American Amber / Red Ale,Amber Ale,5.50 %,5.50 %
37,1,2689,1373,Hearthstone Red Rye Ale,Hearthstone Red Rye Ale,Hearthstone Brewery,Hearthstone Brewery,American Amber / Red Ale,Specialty Grain,5.00 %,5 %
38,1,1672,590,River Otter Ale,Sacramento River Otter Ale,Union Station Brewery,Sacramento Brewing Company,American Amber / Red Ale,English Pale Ale,5.10 %,5.50 %
39,0,3126,461,Deputation Imperial Red Ale,Yukon You Only Live Once Imperial Red Ale,Brannon 's Pub and Brewery,Yukon Brewing Company,American Amber / Red Ale,Amber Ale,8.00 %,7.50 %
40,0,1755,2883,Batch 200 _ `` Olympus Mons Imperial Red Ale,Three Heads Buffalo Soul Jah Imperial Red Ale,Due South Brewing Co. .,Custom Brewcrafters,American Amber / Red Ale,American Strong Ale,9.20 %,9.20 %
41,0,354,22,Climax Noel - Imperial Red Ale,Fulton The Libertine Imperial Red Ale - Heaven Hill Rye Whiskey Barrel Aged,Eel River Brewing Co. .,Fulton Beer Company,American Amber / Red Ale,American Strong Ale,9.20 %,8.50 %
42,0,2086,490,Old Cascade Amber Ale,Central Coast Old Mission Amber Ale,Roosterfish Brewing Co. .,Central Coast Brewing,American Amber / Red Ale,Amber Ale,5.50 %,5.50 %
43,0,2089,1038,Single Hop # 3 Amber Ale W / Citra,Lancaster Hop Buggy Amber Ale,Three Palms Brewing Co. .,Lancaster Brewing Co. .,American Amber / Red Ale,Amber Ale,6.80 %,5.60 %
44,0,2423,1934,Bourbon Barrel Ro Shampo Imperial Red Ale,Spring House Atomic Raygun Imperial Red Ale,Figure 8 Brewing,Spring House Brewing Company,American Amber / Red Ale,American Strong Ale,-,8.30 %
45,0,2156,1889,Red Dirt Imperial Red Ale,Rock Bottom Orland Park King of Hearts Imperial Red Ale,Wiley Roots Brewing Co,Rock Bottom Orland Park,American Amber / Red Ale,American Strong Ale,8.20 %,7.60 %
46,0,2365,469,Bourbon Barrel Aged Redrum,Aspen Bourbon Barrel Aged Conundrum Red Ale,Trinity Brewhouse,Aspen Brewing Company,American Amber / Red Ale,Amber Ale,9.50 %,6.50 %
47,1,3210,1737,Freedom Soho Red,Freedom Soho Red,Freedom Brewery Ltd,Freedom,American Amber / Red Ale,Amber Lager/Vienna,4.70 %,4.70 %
48,1,4286,2362,Heavyweight Ticklefight Champion Of The World,Solemn Oath Heavyweight Ticklefight Champion of the World,Solemn Oath Brewery,Solemn Oath Brewery,American Barleywine,Barley Wine,12.00 %,12 %
49,0,773,22,Barrel Aged Moustache Ride Red,Fulton The Libertine Imperial Red Ale - Heaven Hill Rye Whiskey Barrel Aged,Flat 12 Bierwerks,Fulton Beer Company,American Amber / Red Ale,American Strong Ale,6.10 %,8.50 %
50,1,3758,2120,Neudorf Red Ale,Bendorf Neudorf Red Ale,Brasserie Bendorf,Bendorf,American Amber / Red Ale,Irish Ale,-,6 %
51,0,1587,1911,Arthur 's Imperial Red Ale,Proof Abandoned Planet Imperial Red Ale,Otto 's Pub and Brewery,Proof Brewing Company,American Amber / Red Ale,Amber Ale,6.90 %,7.50 %
52,0,487,646,Three Beavers Imperial Red Ale,406 Imperial Red Ale,Howe Sound Inn & Brewing Company,406 Brewing Company,American Amber / Red Ale,American Strong Ale,7.50 %,9.20 %
53,0,1587,1534,Arthur 's Imperial Red Ale,Two Brothers Revelry Imperial Red Ale,Otto 's Pub and Brewery,Two Brothers Brewing Company,American Amber / Red Ale,American Strong Ale,6.90 %,9.50 %
54,0,1898,2085,Red Dragon Smoked Amber Ale,Baird Smoked Amber Ale,Hoppy Brewing Co. .,Baird Brewing Co. .,American Amber / Red Ale,Smoked,5.50 %,-
55,0,1755,1551,Batch 200 _ `` Olympus Mons Imperial Red Ale,Ale Mania Imperial Red Ale,Due South Brewing Co. .,Ale Mania &#40; Fritz Ale &#41;,American Amber / Red Ale,American Strong Ale,9.20 %,9.50 %
56,0,2401,179,Mr. Grain Jeans Organic Amber Ale,Squatters Respect Your Mother Organic Amber Ale,Outpost Natural Foods,Squatters Craft Beers,American Amber / Red Ale,Amber Ale,5.50 %,4 %
57,0,184,1534,Smuttynose Kindest Find Imperial Red Ale,Two Brothers Revelry Imperial Red Ale,Smuttynose Brewing Company,Two Brothers Brewing Company,American Amber / Red Ale,American Strong Ale,8.50 %,9.50 %
58,0,2602,1955,Broadhead Bourbon Barrel Aged Red,Flat 12 Barrel Aged Moustache Ride Red,Bainbridge Island Brewing Company,Flat 12 Bierwerks,American Amber / Red Ale,Amber Ale,8.50 %,-
59,0,3417,1983,Pizza Orgasmica Amber Ale,Pizza Port Acacia Amber Ale,Devil 's Canyon Brewing Company,Pizza Port &#40; Solana Beach &#41;,American Amber / Red Ale,Belgian Ale,6.50 %,-
60,0,1118,2812,Iron Mike 's Amber Ale,Railway City Iron Spike Amber Ale,Jacob Leinenkugel Brewing Company,Railway City Brewing Company,American Amber / Red Ale,Amber Ale,-,4.60 %
61,0,9,2883,Lagunitas Imperial Red Ale,Three Heads Buffalo Soul Jah Imperial Red Ale,Lagunitas Brewing Company,Custom Brewcrafters,American Amber / Red Ale,American Strong Ale,7.80 %,9.20 %
62,0,3813,22,Photobomb Imperial Red Ale,Fulton The Libertine Imperial Red Ale - Heaven Hill Rye Whiskey Barrel Aged,Crooked Ladder Brewing Company,Fulton Beer Company,American Amber / Red Ale,American Strong Ale,8.50 %,8.50 %
63,0,1587,1496,Arthur 's Imperial Red Ale,Kinetic Infrared Imperial Red Ale,Otto 's Pub and Brewery,Kinetic Brewing Company,American Amber / Red Ale,American Strong Ale,6.90 %,9.30 %
64,0,1621,1853,Red Rocket Amber Ale,Blue Cat Red Toad Amber Ale,Third Base Sports Bar & Brewery,Blue Cat Brew Pub,American Amber / Red Ale,Premium Bitter/ESB,6.40 %,5.70 %
65,0,486,2883,Eruption Imperial Red Ale,Three Heads Buffalo Soul Jah Imperial Red Ale,Worthy Brewing Co. .,Custom Brewcrafters,American Amber / Red Ale,American Strong Ale,8.00 %,9.20 %
66,0,1524,284,Barrel Aged Red Ale,Ballast Point Calico Amber Ale - Rum Barrel Aged,BearWaters Brewing Co. .,Ballast Point Brewing Company,American Amber / Red Ale,Amber Ale,6.70 %,5 %
67,0,890,615,Ballistic Brewing Co. - Gorgon Red Ale,Red Horn Coffee House and Brewing Company Red Horn Drink Well Red Ale,Indian Wells Brewing Company,Red Horn Coffee House and Brewing Company,American Amber / Red Ale,Amber Ale,5.50 %,5.50 %
68,0,3248,1298,The `` Ginger '' A Red Ale,The Beer Company Wyatt Earp Red Ale,Elk Street Brewery & Tap Room,The Beer Company,American Amber / Red Ale,Irish Ale,6.80 %,7 %
69,0,736,316,North 45 Amber Ale,Thirsty Pagan North Coast Amber Ale,Petoskey Brewing Company,Thirsty Pagan Brewing,American Amber / Red Ale,Amber Ale,5.80 %,-
70,1,4003,2284,Red 's On Vacation,Barley Johns Reds on Vacation,Barley John 's Brew Pub,Barley Johns Brew Pub,American Amber / Red Ale,Amber Ale,5.44 %,5.44 %
71,1,4088,2351,Old Cellar Dweller,Driftwood Old Cellar Dweller Barleywine,Driftwood Brewery,Driftwood Brewery &#40; Canada &#41;,American Barleywine,Barley Wine,11.60 %,14 %
72,0,285,90,Lavery Imperial Red Ale,Lagunitas Imperial Red Ale,Lavery Brewing Company,Lagunitas Brewing Company &#40; Heineken &#41;,American Amber / Red Ale,American Strong Ale,8.20 %,7.80 %
73,0,138,1635,Double Dread Imperial Red Ale,Scuttlebutt Mateo Loco Imperial Red Ale,Mad River Brewing Company,Scuttlebutt Brewing Co. .,American Amber / Red Ale,American Strong Ale,8.60 %,7.10 %
74,0,3325,1973,Roundabout Imperial Red Ale,AleSmith YuleSmith &#40; Winter &#41; Imperial Red Ale,Bonfire Brewing Co. .,AleSmith Brewing Company,American Amber / Red Ale,American Strong Ale,8.80 %,8.50 %
75,0,2209,2728,Port Chester Red Ale,Pizza Port Rhino Chaser Imperial Red Ale,Greenpoint Beerworks / Kelso of Brooklyn,Pizza Port &#40; Ocean Beach &#41;,American Amber / Red Ale,American Strong Ale,5.50 %,9.50 %
76,0,2026,1911,Red Hopper ( Imperial Red Ale ),Proof Abandoned Planet Imperial Red Ale,Black Acre Brewing Co. .,Proof Brewing Company,American Amber / Red Ale,Amber Ale,6.20 %,7.50 %
77,1,2606,1320,Sons Of Anarchy Amber Ale,Sudwerk Sons Of Anarchy Amber Ale,Sudwerk Brewing Company,Sudwerk Brewing Company,American Amber / Red Ale,Amber Ale,4.70 %,4.70 %
78,1,1460,412,Eldred Rock Amber,Haines Eldred Rock Amber,Haines Brewing Company,Haines Brewing Co. .,American Amber / Red Ale,Amber Ale,5.00 %,5 %
79,0,138,646,Double Dread Imperial Red Ale,406 Imperial Red Ale,Mad River Brewing Company,406 Brewing Company,American Amber / Red Ale,American Strong Ale,8.60 %,9.20 %
80,0,1281,704,Blood On The Blade Red IPA,Bacchus / Burrow Bloodhound Blood Red IPA,Backpocket Brewing,Bacchus Brewing Company &#40; Australia &#41;,American Amber / Red Ale,India Pale Ale &#40; IPA &#41;,7.00 %,6 %
81,1,2362,1136,My Hoppy Valentine,Excel My Hoppy Valentine,Excel Brewing Company,Excel Brewing Company,American Amber / Red Ale,Amber Ale,6.50 %,6.50 %
82,0,3963,2334,Hop Around Imperial Red Ale,Austin Beerworks Battle Axe Imperial Red Ale,Big Bay Brewing Co. .,Austin Beerworks,American Amber / Red Ale,American Strong Ale,9.00 %,8 %
83,0,178,1103,6th Anniversary Ale ( Dirty Hippie Imperial Red Ale ),Tumbledown Imp Imperial Red Ale,Kern River Brewing Company,Tumbledown Brewing LLC,American Amber / Red Ale,American Strong Ale,8.00 %,7.80 %
84,0,3813,1026,Photobomb Imperial Red Ale,ShuBrew Heart and Sole Imperial Red Ale,Crooked Ladder Brewing Company,ShuBrew,American Amber / Red Ale,American Strong Ale,8.50 %,6.80 %
85,0,2082,1638,C N Red Imperial Red Ale,Ballast Point Tongue Buckler Imperial Red Ale,Redwood Lodge,Ballast Point Brewing Company,American Amber / Red Ale,American Strong Ale,8.10 %,10 %
86,0,1458,1414,Deranger Imperial Red Ale,Renegade Scarlett Letter Imperial Red Ale,Laurelwood Public House & Brewery,Renegade Brewing Company,American Amber / Red Ale,American Strong Ale,8.60 %,8.50 %
87,0,1207,1604,All American Red Ale,Stadin American Red Ale,Centennial Beer Co. .,Stadin Panimo,American Amber / Red Ale,Amber Ale,5.00 %,4.50 %
88,0,1219,2463,Bulleit Bourbon Barrel Aged G'Knight,Lompoc Bourbon Barrel Aged Old Tavern Rat,Oskar Blues Grill & Brew,Lompoc Brewing,American Amber / Red Ale,Barley Wine,8.70 %,9.70 %
89,0,1725,419,Big V Amber Ale,Big Texan Texas Red Amber Ale,FreeWheel Brewing Company,Big Texan Brewery,American Amber / Red Ale,Amber Ale,4.00 %,4.50 %
90,0,138,90,Double Dread Imperial Red Ale,Lagunitas Imperial Red Ale,Mad River Brewing Company,Lagunitas Brewing Company &#40; Heineken &#41;,American Amber / Red Ale,American Strong Ale,8.60 %,7.80 %
91,0,2491,1260,5 Star Amber Ale,Blue Star Apache Amber Ale,The Civil Life Brewing Company,Blue Star Brewing Co. .,American Amber / Red Ale,Amber Ale,5.00 %,-
92,0,285,1026,Lavery Imperial Red Ale,ShuBrew Heart and Sole Imperial Red Ale,Lavery Brewing Company,ShuBrew,American Amber / Red Ale,American Strong Ale,8.20 %,6.80 %
93,0,1661,351,Barrel Aged Imperial Red,Imperial Oak Barrel Aged Odin_s Beard,Hale 's Ales Brewery & Pub,Imperial Oak Brewing,American Amber / Red Ale,American Strong Ale,9.00 %,9 %
94,0,2480,2621,3 Sisters American Red Ale,Black Shirt American India Red Ale,Wild Ride Brewing Co. .,Black Shirt Brewing Company,American Amber / Red Ale,American Strong Ale,6.00 %,7.09 %
95,0,1898,1408,Red Dragon Smoked Amber Ale,Kilted Dragon Bonnie Heather Amber Ale,Hoppy Brewing Co. .,Kilted Dragon Brewing Company,American Amber / Red Ale,Amber Ale,5.50 %,5 %
96,0,1436,1069,Mountian Goat Rare Breed India Red Ale,Hammond River Red Coat India Red Ale,Mountain Goat Beer Pty Ltd,Hammond River Brewing,American Amber / Red Ale,Amber Ale,6.60 %,6.50 %
97,0,285,1534,Lavery Imperial Red Ale,Two Brothers Revelry Imperial Red Ale,Lavery Brewing Company,Two Brothers Brewing Company,American Amber / Red Ale,American Strong Ale,8.20 %,9.50 %
98,0,487,1414,Three Beavers Imperial Red Ale,Renegade Scarlett Letter Imperial Red Ale,Howe Sound Inn & Brewing Company,Renegade Brewing Company,American Amber / Red Ale,American Strong Ale,7.50 %,8.50 %
99,0,44,1119,Red-oric - Beer Camp # 65 ( Best Of Beer Camp : Imperial Red Ale ),Peter Bs Sum Of Hours Imperial Red Ale,Sierra Nevada Brewing Co. .,Peter Bs Brewpub,American Amber / Red Ale,American Strong Ale,8.00 %,9.50 %
100,1,386,2204,Belle Gueule Rousse,Belle Gueule Rousse,Brasseurs R.J.,Brasseurs RJ,American Amber / Red Ale,Amber Lager/Vienna,5.20 %,5.20 %
101,0,167,635,Red Rock Amber Ale,Slanted Rock Iron Butt Red Ale,OPA-OPA Steakhouse & Brewery,Slanted Rock Brewing Company,American Amber / Red Ale,Amber Ale,6.00 %,5.80 %
102,1,2992,1590,Ise Kadoya Amber Ale,Ise Kadoya Amarillo Amber Ale,Nikenjayamochi Kadoya Honten Co. / Ise Kadoya Brewery,Ise Kadoya,American Amber / Red Ale,Amber Ale,4.50 %,-
103,0,3963,1863,Hop Around Imperial Red Ale,Speakeasy Wet Hop Prohibition Red Ale,Big Bay Brewing Co. .,Speakeasy Ales and Lagers,American Amber / Red Ale,Amber Ale,9.00 %,6.10 %
104,0,1458,646,Deranger Imperial Red Ale,406 Imperial Red Ale,Laurelwood Public House & Brewery,406 Brewing Company,American Amber / Red Ale,American Strong Ale,8.60 %,9.20 %
105,0,2082,1103,C N Red Imperial Red Ale,Tumbledown Imp Imperial Red Ale,Redwood Lodge,Tumbledown Brewing LLC,American Amber / Red Ale,American Strong Ale,8.10 %,7.80 %
106,0,1207,558,All American Red Ale,Saimaan Brewer_s Special American Red Ale,Centennial Beer Co. .,Saimaan Juomatehdas,American Amber / Red Ale,Amber Ale,5.00 %,4.70 %
107,0,1433,1261,Molly American Red Ale,Big Time Lift Ticket American Red Ale,New Helvetia Brewing Company,Big Time Brewery,American Amber / Red Ale,India Pale Ale &#40; IPA &#41;,5.00 %,7 %
108,1,1456,409,Barbarian Red Ale,Barbarian Red Ale,CervecerÃa Barbarian,CervecerÃa Barbarian,American Amber / Red Ale,Amber Ale,6.50 %,6.50 %
109,0,3963,1551,Hop Around Imperial Red Ale,Ale Mania Imperial Red Ale,Big Bay Brewing Co. .,Ale Mania &#40; Fritz Ale &#41;,American Amber / Red Ale,American Strong Ale,9.00 %,9.50 %
110,0,4329,2416,Barrel Aged Series : Barley Wine,Elevator Barrel Aged Barley Wine,Parallel 49 Brewing Company,Elevator Brewing Company,American Barleywine,Barley Wine,11.80 %,-
111,0,491,1120,West Sixth / Country Boy Country Western ( Volume 3 Imperial Red Ale ),Figueroa Mountain / Pizza Port Shark Lips Imperial Red Ale,West Sixth Brewing Company,Figueroa Mountain Brewing,American Amber / Red Ale,American Strong Ale,13.00 %,8 %
112,0,3325,63,Roundabout Imperial Red Ale,Marble Imperial Red Ale,Bonfire Brewing Co. .,Marble Brewery,American Amber / Red Ale,American Strong Ale,8.80 %,9 %
113,0,34,2048,Shark Attack Double Red Ale,Midnight Sun Unite Double Red Hot Ale &#40; 2015 &#41;,Port Brewing,Midnight Sun Brewing Company,American Amber / Red Ale,Amber Ale,9.00 %,7.50 %
114,0,2399,144,Barrel Aged Riverside Red,Blue Pants Big & Tall # 2 : Barrel Aged Belgian Red,Intuition Ale Works,Blue Pants Brewery,American Amber / Red Ale,Amber Ale,7.80 %,9 %
115,1,3802,2149,Oatmeal Amber Ale,John Harvards Oatmeal Amber Ale,Ornery Beer Company Public House,John Harvard_s Brewhouse &#40; Corporate Office &#41;,American Amber / Red Ale,Amber Ale,5.70 %,6.50 %
116,0,3246,1682,Buffalo Trace Bourbon Barrel Aged Amber Ale,Barley_s Barrel Aged Ulysses Imperial Red Ale,Wolf Hills Brewing Company,Barley_s Brewing Company,American Amber / Red Ale,American Strong Ale,-,8.60 %
117,0,2047,63,Merry Prankster Imperial Red Ale,Marble Imperial Red Ale,Rock Bottom Restaurant & Brewery,Marble Brewery,American Amber / Red Ale,American Strong Ale,4.56 %,9 %
118,0,2433,1534,Mountain Series : Love Rhino ( Imperial Red Ale ),Two Brothers Revelry Imperial Red Ale,Breckenridge Brewery,Two Brothers Brewing Company,American Amber / Red Ale,American Strong Ale,8.90 %,9.50 %
119,0,9,881,Lagunitas Imperial Red Ale,Sick N Twisted Naughty Redhead Imperial Red Ale,Lagunitas Brewing Company,Sick N Twisted Brewing Company,American Amber / Red Ale,Amber Ale,7.80 %,8 %
120,0,2972,2883,Imperial Moustache Red Ale,Three Heads Buffalo Soul Jah Imperial Red Ale,Salty Nut Brewery,Custom Brewcrafters,American Amber / Red Ale,American Strong Ale,6.00 %,9.20 %
121,0,2089,845,Single Hop # 3 Amber Ale W / Citra,Hill Farmstead Amarillo Single Hop Pale Ale,Three Palms Brewing Co. .,Hill Farmstead Brewery,American Amber / Red Ale,American Pale Ale,6.80 %,5.20 %
122,1,3800,2146,Vital Infrared Imperial Red,Vital Infrared Imperial Red,Vital Brewing,Vital Brewing,American Amber / Red Ale,American Strong Ale,9.40 %,9.40 %
123,1,1648,571,Rip Saw Red,Pints Rip Saw Red,Pints Brewing Co. .,Pints Brewing Company,American Amber / Red Ale,Amber Ale,6.50 %,5.90 %
124,0,2423,465,Bourbon Barrel Ro Shampo Imperial Red Ale,Cape Cod Bourbon Barrel Red,Figure 8 Brewing,Cape Cod Beer,American Amber / Red Ale,Amber Ale,-,5.50 %
125,0,260,1174,Panama Limited Red Ale,Flossmoor Station Barrel Aged Panama Limited Red Ale,Flossmoor Station Restaurant & Brewery,Flossmoor Station Restaurant & Brewery,American Amber / Red Ale,Amber Ale,-,6.50 %
126,0,2319,980,Tst Brw 01 - Imperial Red Ale,Kern River Dirty Hippie Imperial Red Ale,Brouwerij De Koninck NV,Kern River Brewing,American Amber / Red Ale,American Strong Ale,7.80 %,8 %
127,0,833,641,Buffalo Soul Jah Imperial Red Ale,Iron Horse Fresh Hop Imperial Red Ale,Three Heads Brewing,Iron Horse Brewery,American Amber / Red Ale,American Strong Ale,9.20 %,-
128,0,3325,1119,Roundabout Imperial Red Ale,Peter Bs Sum Of Hours Imperial Red Ale,Bonfire Brewing Co. .,Peter Bs Brewpub,American Amber / Red Ale,American Strong Ale,8.80 %,9.50 %
129,0,3126,1934,Deputation Imperial Red Ale,Spring House Atomic Raygun Imperial Red Ale,Brannon 's Pub and Brewery,Spring House Brewing Company,American Amber / Red Ale,American Strong Ale,8.00 %,8.30 %
130,1,120,213,American Red Ale,Americas American Red Ale,Rock Art Brewery,Americas Brewpub,American Amber / Red Ale,Amber Ale,4.80 %,-
131,0,3325,1103,Roundabout Imperial Red Ale,Tumbledown Imp Imperial Red Ale,Bonfire Brewing Co. .,Tumbledown Brewing LLC,American Amber / Red Ale,American Strong Ale,8.80 %,7.80 %
132,0,1926,2048,Double Red Ale,Midnight Sun Unite Double Red Hot Ale &#40; 2015 &#41;,The Seven Barrel Brewery,Midnight Sun Brewing Company,American Amber / Red Ale,Amber Ale,8.20 %,7.50 %
133,0,1433,418,Molly American Red Ale,Genesee Brew House American Red Ale,New Helvetia Brewing Company,Genesee Brewing Company &#40; North American Breweries &#41;,American Amber / Red Ale,Amber Ale,5.00 %,5 %
134,0,3852,2875,Big Bully Amber Ale,Big Time Atlas Amber Ale,Edge Brewing,Big Time Brewery,American Amber / Red Ale,Amber Ale,5.00 %,5.40 %
135,0,29,1026,Tongue Buckler - Imperial Red Ale,ShuBrew Heart and Sole Imperial Red Ale,Ballast Point Brewing Company,ShuBrew,American Amber / Red Ale,American Strong Ale,10.00 %,6.80 %
136,0,2423,1519,Bourbon Barrel Ro Shampo Imperial Red Ale,Lavery Imperial Red Ale &#40; IRA &#41;,Figure 8 Brewing,Lavery Brewing Company,American Amber / Red Ale,American Strong Ale,-,8.20 %
137,0,2960,287,Sequoia American Amber Ale,Aarhus Cains Triple A American Amber Ale,Wig And Pen,Aarhus Bryghus,American Amber / Red Ale,Amber Ale,5.90 %,5.50 %
138,0,2602,730,Broadhead Bourbon Barrel Aged Red,MadTree Bourbon Barrel Aged Happy Amber,Bainbridge Island Brewing Company,MadTree Brewing Company,American Amber / Red Ale,Amber Ale,8.50 %,6 %
139,0,3185,2266,Sledgehammer Imperial Red Ale,Anacapa Riptide Imperial Red Ale,Cambridge Brewing Company,Anacapa Brewing Company,American Amber / Red Ale,American Strong Ale,7.75 %,8 %
140,0,4117,22,Old Guardian Barley Wine Style Ale - Red Wine Barrel Aged,Fulton The Libertine Imperial Red Ale - Heaven Hill Rye Whiskey Barrel Aged,Stone Brewing Co. .,Fulton Beer Company,American Barleywine,American Strong Ale,11.20 %,8.50 %
141,0,2433,1103,Mountain Series : Love Rhino ( Imperial Red Ale ),Tumbledown Imp Imperial Red Ale,Breckenridge Brewery,Tumbledown Brewing LLC,American Amber / Red Ale,American Strong Ale,8.90 %,7.80 %
142,0,1289,2622,Mad Anthony Muddy River Amber Ale,Mad River Jamaica Red Ale,Mad Anthony Brewing Company,Mad River Brewery,American Amber / Red Ale,Amber Ale,-,6.50 %
143,0,429,2636,Simeon Jones River Valley Amber Ale,Piney River McKinney Eddy Amber Ale,Picaroons Brewing Co. .,Piney River Brewing Company,American Amber / Red Ale,Amber Ale,4.50 %,-
144,0,1458,1496,Deranger Imperial Red Ale,Kinetic Infrared Imperial Red Ale,Laurelwood Public House & Brewery,Kinetic Brewing Company,American Amber / Red Ale,American Strong Ale,8.60 %,9.30 %
145,0,1621,12,Red Rocket Amber Ale,Red Duck Amber Ale,Third Base Sports Bar & Brewery,Purrumbete Brewing,American Amber / Red Ale,Amber Ale,6.40 %,4.80 %
146,0,3661,2672,Double Red Hot Ale,Destihl Barrel Aged Deadhead Double Red Ale,Midnight Sun Brewing Co. .,Destihl Brewery,American Amber / Red Ale,American Strong Ale,7.57 %,-
147,0,1647,2409,Wasatch 50th Park City Golden Anniversary Ale,Golden City Centurion Barleywine Ale,Utah Brewers Cooperative,Golden City Brewery,American Amber / Red Ale,Barley Wine,4.00 %,11.20 %
148,1,3035,1620,Regimental 80 Scottish Ale,Crooked Eye Regimental 80 Scottish Ale,Crooked Eye Brewery,Crooked Eye Brewery,American Amber / Red Ale,Scottish Ale,4.70 %,4.70 %
149,1,1914,793,Dream Of The 90 's,Prohibition Pig Dream of the 90s,Prohibition Pig,Prohibition Pig,American Amber / Red Ale,Amber Ale,6.10 %,-
150,1,2463,1206,Fullers Traitors ' Gate,Fuller_s Traitor_s Gate,Fuller Smith & Turner PLC,Fuller_s,American Amber / Red Ale,Bitter,4.50 %,4.50 %
151,0,3185,1661,Sledgehammer Imperial Red Ale,Edge Imperial Red Ale &#40; Spring Seasonal &#41;,Cambridge Brewing Company,Edge Brewing Company,American Amber / Red Ale,American Strong Ale,7.75 %,8.50 %
152,0,3632,1275,Weekender American Amber Ale,Canal Park General Sterling Price American Amber Ale - Centennial,Stilt House Brewery,Canal Park Brewing Company,American Amber / Red Ale,Amber Ale,5.20 %,4.80 %
153,1,2289,1085,Blarney Rock Irish Ale,Rockyard Blarney Rock Irish Ale,Rockyard Brewing,Rockyard Brewing Company,American Amber / Red Ale,Irish Ale,6.00 %,-
154,0,2724,1886,Aiken American Red Pale Ale,Blue Heron Corey_s American Pale Ale &#40; C.A.P.A. &#41;,Aiken Brewing Company,Blue Heron Brewpub,American Amber / Red Ale,American Pale Ale,-,6.20 %
155,0,1458,1551,Deranger Imperial Red Ale,Ale Mania Imperial Red Ale,Laurelwood Public House & Brewery,Ale Mania &#40; Fritz Ale &#41;,American Amber / Red Ale,American Strong Ale,8.60 %,9.50 %
156,0,1501,2750,Big Bear Amber Ale,Big Horn Buttface Amber Ale,Stewart 's Brewing Co. .,Big Horn Brewing Company &#40; Ram International &#41;,American Amber / Red Ale,Amber Ale,5.60 %,5.80 %
157,0,284,2517,Great Lakes Independence Ale,Amsterdam X Sawdust City X Great Lakes X Indie Ale Barley Wine &#40; Oak &#41;,Great Lakes Brewing Co. .,Amsterdam Brewing Company,American Amber / Red Ale,Barley Wine,6.00 %,10 %
158,0,487,1635,Three Beavers Imperial Red Ale,Scuttlebutt Mateo Loco Imperial Red Ale,Howe Sound Inn & Brewing Company,Scuttlebutt Brewing Co. .,American Amber / Red Ale,American Strong Ale,7.50 %,7.10 %
159,0,3963,124,Hop Around Imperial Red Ale,Laguna Beach Grateful Red Imperial Red Ale,Big Bay Brewing Co. .,Laguna Beach Brewing,American Amber / Red Ale,American Strong Ale,9.00 %,11 %
160,0,2934,1103,Ale Mania Imperial Red Ale,Tumbledown Imp Imperial Red Ale,Ale-Mania,Tumbledown Brewing LLC,American Amber / Red Ale,American Strong Ale,9.50 %,7.80 %
161,0,2433,349,Mountain Series : Love Rhino ( Imperial Red Ale ),Cigar City Cold Brew Series - Red Ale,Breckenridge Brewery,Cigar City Brewing,American Amber / Red Ale,Amber Ale,8.90 %,7.20 %
162,1,2506,1242,Shirt Tail Amber,Iron Hill Shirt Tail Amber,Iron Hill Brewery & Restaurant,Iron Hill Maple Shade,American Amber / Red Ale,Amber Ale,4.40 %,4.40 %
163,0,1815,2654,Desert Island Series : American Honey Amber Ale,Granville Island Gastown Amber Ale,Heavy Seas Beer,Granville Island &#40; Brewery - MolsonCoors &#41;,American Amber / Red Ale,Amber Ale,4.90 %,5.50 %
164,0,3626,2728,Starlord 's Mixtape / Groot Drank Imperial Red Ale,Pizza Port Rhino Chaser Imperial Red Ale,Charging Hippo Brewing Co. .,Pizza Port &#40; Ocean Beach &#41;,American Amber / Red Ale,American Strong Ale,8.20 %,9.50 %
165,0,1524,1682,Barrel Aged Red Ale,Barley_s Barrel Aged Ulysses Imperial Red Ale,BearWaters Brewing Co. .,Barley_s Brewing Company,American Amber / Red Ale,American Strong Ale,6.70 %,8.60 %
166,0,1794,881,Stupiphany Imperial Red Ale,Sick N Twisted Naughty Redhead Imperial Red Ale,Rusty Truck Brewing Company / Roadhouse 101,Sick N Twisted Brewing Company,American Amber / Red Ale,Amber Ale,8.00 %,8 %
167,0,3090,461,Red 88 Imperial Amber Ale,Yukon You Only Live Once Imperial Red Ale,River City Brewing Co. .,Yukon Brewing Company,American Amber / Red Ale,Amber Ale,8.00 %,7.50 %
168,0,2780,1594,Hurricane Alley Amber Ale,Charleville Tornado Alley Amber Ale,Florida Beer Company,Charleville Vineyard & Microbrewery,American Amber / Red Ale,Amber Ale,-,-
169,0,2433,1496,Mountain Series : Love Rhino ( Imperial Red Ale ),Kinetic Infrared Imperial Red Ale,Breckenridge Brewery,Kinetic Brewing Company,American Amber / Red Ale,American Strong Ale,8.90 %,9.30 %
170,0,1178,1889,Brewmaster 's Reserve Imperial Red Ale,Rock Bottom Orland Park King of Hearts Imperial Red Ale,BJ 's Chicago Pizza & Brewery Inc. .,Rock Bottom Orland Park,American Amber / Red Ale,American Strong Ale,9.20 %,7.60 %
171,0,3842,1281,Red Headed Slut Amber Ale,Baird Red Rose Amber Ale,Twisted K-8 Brewing Company,Baird Brewing Co. .,American Amber / Red Ale,California Common,6.50 %,5.40 %
172,0,1219,730,Bulleit Bourbon Barrel Aged G'Knight,MadTree Bourbon Barrel Aged Happy Amber,Oskar Blues Grill & Brew,MadTree Brewing Company,American Amber / Red Ale,Amber Ale,8.70 %,6 %
173,0,2724,1221,Aiken American Red Pale Ale,Wild Ride 3 Sisters American Red Ale,Aiken Brewing Company,Wild Ride Brewing,American Amber / Red Ale,Amber Ale,-,6 %
174,0,3134,641,Phobos Single Hop Red Ale,Iron Horse Fresh Hop Imperial Red Ale,Ecliptic Brewing,Iron Horse Brewery,American Amber / Red Ale,American Strong Ale,7.40 %,-
175,0,4256,730,Frost Quake Bourbon Barrel Aged Barley Wine,MadTree Bourbon Barrel Aged Happy Amber,Wellington County Brewery,MadTree Brewing Company,American Barleywine,Amber Ale,9.80 %,6 %
176,0,1218,2618,Bourbon Barrel Aged Horus Imperial Red,Legacy Bourbon Barrel Hedonism Red,Elevator Brewery & Draught Haus,Legacy Brewing,American Amber / Red Ale,American Strong Ale,12.00 %,7.10 %
177,0,589,1586,Rocky Mountain Red Ale,Crazy Mountain Boohai Red Ale &#40; Kura Koa &#41;,Grand Lake Brewing Company,Crazy Mountain Brewing Company,American Amber / Red Ale,Amber Ale,-,6 %
178,0,295,980,Ro Shampo Imperial Red Ale,Kern River Dirty Hippie Imperial Red Ale,Figure 8 Brewing,Kern River Brewing,American Amber / Red Ale,American Strong Ale,7.50 %,8 %
179,0,44,1889,Red-oric - Beer Camp # 65 ( Best Of Beer Camp : Imperial Red Ale ),Rock Bottom Orland Park King of Hearts Imperial Red Ale,Sierra Nevada Brewing Co. .,Rock Bottom Orland Park,American Amber / Red Ale,American Strong Ale,8.00 %,7.60 %
180,0,4030,2508,Alaskan Barley Wine ( Pilot Series ),Hermit Thrush Abbey Series # 1 - Jolly Abbot Barley Wine,Alaskan Brewing Co. .,Hermit Thrush Brewery,American Barleywine,Barley Wine,10.70 %,13 %
181,0,403,2582,Starfish Imperial Red Ale,Worthy Eruption Imperial Red Ale,Fish Brewing Company / Fishbowl Brewpub,Worthy Brewing Company,American Amber / Red Ale,American Strong Ale,7.50 %,8 %
182,0,2480,1604,3 Sisters American Red Ale,Stadin American Red Ale,Wild Ride Brewing Co. .,Stadin Panimo,American Amber / Red Ale,Amber Ale,6.00 %,4.50 %
183,0,3478,1119,Double Mongrel Imperial India Red Ale,Peter Bs Sum Of Hours Imperial Red Ale,Aspetuck Brew Lab,Peter Bs Brewpub,American Amber / Red Ale,American Strong Ale,9.00 %,9.50 %
184,0,833,22,Buffalo Soul Jah Imperial Red Ale,Fulton The Libertine Imperial Red Ale - Heaven Hill Rye Whiskey Barrel Aged,Three Heads Brewing,Fulton Beer Company,American Amber / Red Ale,American Strong Ale,9.20 %,8.50 %
185,1,4157,2405,Fisherman 's Tea Party,Cape Ann Fisherman_s Tea Party,Cape Ann Brewing Company,Cape Ann Brewing Company,American Barleywine,Barley Wine,9.00 %,9 %
186,0,44,1534,Red-oric - Beer Camp # 65 ( Best Of Beer Camp : Imperial Red Ale ),Two Brothers Revelry Imperial Red Ale,Sierra Nevada Brewing Co. .,Two Brothers Brewing Company,American Amber / Red Ale,American Strong Ale,8.00 %,9.50 %
187,0,178,1534,6th Anniversary Ale ( Dirty Hippie Imperial Red Ale ),Two Brothers Revelry Imperial Red Ale,Kern River Brewing Company,Two Brothers Brewing Company,American Amber / Red Ale,American Strong Ale,8.00 %,9.50 %
188,0,42,1025,Kingpin Double Red Ale,Out of Bounds Relentless Double Red Ale,BridgePort Brewing Co. / Brewpub,Out of Bounds Brewing Company,American Amber / Red Ale,American Strong Ale,7.50 %,8.20 %
189,0,2934,1911,Ale Mania Imperial Red Ale,Proof Abandoned Planet Imperial Red Ale,Ale-Mania,Proof Brewing Company,American Amber / Red Ale,Amber Ale,9.50 %,7.50 %
190,0,141,2991,Aorta Ale ( Double Red Ale ),Wildcard Double Down Imperial Red Ale,Short 's Brewing Company,Wildcard Brewing Company,American Amber / Red Ale,American Strong Ale,8.30 %,7.50 %
191,0,3130,1255,Ulysses Imperial Red Ale,Ballast Point Tongue Buckler Imperial Red Ale - Bourbon Barrel Aged,Barley 's Brewing Company,Ballast Point Brewing Company,American Amber / Red Ale,American Strong Ale,-,10 %
192,0,543,2232,Harold The Red Ale,Off the Rail Raybuck Red Ale,Black Husky Brewing,Off the Rail Brewing,American Amber / Red Ale,Amber Ale,-,6.40 %
193,0,138,1255,Double Dread Imperial Red Ale,Ballast Point Tongue Buckler Imperial Red Ale - Bourbon Barrel Aged,Mad River Brewing Company,Ballast Point Brewing Company,American Amber / Red Ale,American Strong Ale,8.60 %,10 %
194,1,1157,155,Insane Mane Red Ale,White Lion Insane Mane Red Ale,White Lion Brewing Company,Ipswich Ale Brewery,American Amber / Red Ale,Amber Ale,5.10 %,-
195,0,486,1551,Eruption Imperial Red Ale,Ale Mania Imperial Red Ale,Worthy Brewing Co. .,Ale Mania &#40; Fritz Ale &#41;,American Amber / Red Ale,American Strong Ale,8.00 %,9.50 %
196,0,1458,1679,Deranger Imperial Red Ale,Brannon_s Deputation Imperial Red Ale,Laurelwood Public House & Brewery,Brannon_s Pub and Brewery,American Amber / Red Ale,American Strong Ale,8.60 %,8.79 %
197,0,2960,1275,Sequoia American Amber Ale,Canal Park General Sterling Price American Amber Ale - Centennial,Wig And Pen,Canal Park Brewing Company,American Amber / Red Ale,Amber Ale,5.90 %,4.80 %
198,0,4256,2491,Frost Quake Bourbon Barrel Aged Barley Wine,Hangar 24 Barrel Roll No. 04 : Hammerhead - Bourbon Barrel Aged with Chai Tea,Wellington County Brewery,Hangar 24 Craft Brewery,American Barleywine,Barley Wine,9.80 %,13.90 %
199,0,2770,1428,Road Rash Red,Kettle House Bourbon Barrel Road Rash Imperial Red Ale,Tandem Brewing Company,Kettle House Brewing Company,American Amber / Red Ale,American Strong Ale,6.00 %,13 %
200,0,3381,2275,Willoughby American Amber Ale,Maldita Old Continent American Amber Ale,Willoughby Brewing,Faustino Microcervejeira,American Amber / Red Ale,Amber Ale,4.90 %,6 %
201,0,4083,2424,Old Guardian Barley Wine Style Ale - Bourbon Barrel Aged,Revolution Barrel Aged Institutionalized Barley Wine,Stone Brewing Co. .,Revolution Brewing Company,American Barleywine,Barley Wine,11.20 %,13 %
202,0,3842,2546,Red Headed Slut Amber Ale,Trailhead Red Amber Ale,Twisted K-8 Brewing Company,Trailhead Brewing Co. .,American Amber / Red Ale,Amber Ale,6.50 %,-
203,0,2026,2582,Red Hopper ( Imperial Red Ale ),Worthy Eruption Imperial Red Ale,Black Acre Brewing Co. .,Worthy Brewing Company,American Amber / Red Ale,American Strong Ale,6.20 %,8 %
204,0,295,1255,Ro Shampo Imperial Red Ale,Ballast Point Tongue Buckler Imperial Red Ale - Bourbon Barrel Aged,Figure 8 Brewing,Ballast Point Brewing Company,American Amber / Red Ale,American Strong Ale,7.50 %,10 %
205,0,696,22,BJ 's Imperial Red Ale,Fulton The Libertine Imperial Red Ale - Heaven Hill Rye Whiskey Barrel Aged,BJ 's Restaurant & Brewhouse,Fulton Beer Company,American Amber / Red Ale,American Strong Ale,9.00 %,8.50 %
206,0,487,621,Three Beavers Imperial Red Ale,Mission Carrack Imperial Red Ale,Howe Sound Inn & Brewing Company,Mission Brewery,American Amber / Red Ale,American Strong Ale,7.50 %,10.20 %
207,0,3715,216,Kniksen India Red Ale,Good People Stepchild Belgian India Red Ale,7 Fjell Bryggeri,Good People Brewing Company,American Amber / Red Ale,India Pale Ale &#40; IPA &#41;,6.80 %,7.80 %
208,0,3992,1681,Pioneer American Red Ale,Fat Bottom Ruby Red American Ale,Pioneer Beer Company,Fat Bottom Brewery,American Amber / Red Ale,Amber Ale,5.70 %,4.60 %
209,0,1375,2610,Clifford The Big Red Ale,Big Choice Disconnected Red Ale,Books & Brews,Big Choice Brewing,American Amber / Red Ale,Amber Ale,6.80 %,6.70 %
210,1,294,1586,Boohai Red Ale,Crazy Mountain Boohai Red Ale &#40; Kura Koa &#41;,Crazy Mountain Brewing Company,Crazy Mountain Brewing Company,American Amber / Red Ale,Amber Ale,6.00 %,6 %
211,1,4237,2466,Barrel Aged Chessie,Union Craft Chessie Barleywine Barrel Aged,Union Craft Brewing Company,Union Craft Brewing Company,American Barleywine,Barley Wine,9.80 %,9.80 %
212,1,781,2835,Trail Ridge Red,Estes Park Trail Ridge Red,Grand Lake Brewing Company,Estes Park Brewery,American Amber / Red Ale,Bitter,7.50 %,4.50 %
213,0,1178,1414,Brewmaster 's Reserve Imperial Red Ale,Renegade Scarlett Letter Imperial Red Ale,BJ 's Chicago Pizza & Brewery Inc. .,Renegade Brewing Company,American Amber / Red Ale,American Strong Ale,9.20 %,8.50 %
214,0,1226,1911,Red Dragon Imperial Red Ale,Proof Abandoned Planet Imperial Red Ale,Dead Frog Brewing,Proof Brewing Company,American Amber / Red Ale,Amber Ale,8.00 %,7.50 %
215,0,2480,2602,3 Sisters American Red Ale,Radiant Pig Gangster Duck American Red Ale,Wild Ride Brewing Co. .,Radiant Pig Beer Company,American Amber / Red Ale,Amber Ale,6.00 %,6.20 %
216,0,99,1698,Alaskan Imperial Red Ale ( Pilot Series ),Swamp Head Sciaenhops Imperial Red Ale,Alaskan Brewing Co. .,Swamp Head Brewery,American Amber / Red Ale,American Strong Ale,8.50 %,8.30 %
217,1,2722,1393,Summer Session Ale,Aqula Summer Session Ale,Elk Creek Cafe + Aleworks,Aqula,American Amber / Red Ale,English Pale Ale,4.20 %,4.50 %
218,0,1794,1973,Stupiphany Imperial Red Ale,AleSmith YuleSmith &#40; Winter &#41; Imperial Red Ale,Rusty Truck Brewing Company / Roadhouse 101,AleSmith Brewing Company,American Amber / Red Ale,American Strong Ale,8.00 %,8.50 %
219,0,2925,2208,Jurassic Duck Amber Ale ( dry Hopped With Mosaic ),Nighthawk 16-Hour Dry Hopped Amber,The Dodging Duck Brewhaus,Nighthawk Brewery,American Amber / Red Ale,Amber Ale,-,6.70 %
220,0,3813,2583,Photobomb Imperial Red Ale,Howe Sound Three Beavers Imperial Red Ale,Crooked Ladder Brewing Company,Howe Sound Brewing,American Amber / Red Ale,American Strong Ale,8.50 %,7.50 %
221,0,654,1892,O'Connor 's Irish Red Ale,Loose Shoe SlÃ ¡ inte Irish Red Ale,Wormtown Brewery,Loose Shoe Brewing Company,American Amber / Red Ale,Irish Ale,5.00 %,5.50 %
222,0,3445,369,Winter Seasonal Amber Ale,Brewsters Winter WARMer Amber Ale,Dead Frog Brewing,Brewsters Brewing Co. - Alberta,American Amber / Red Ale,Amber Ale,5.00 %,6 %
223,0,512,1356,Hawai'i Nui Sunset Amber Ale,Grand Canyon Sunset Amber Ale,Hawai'i Nui Brewing / Mehana Brewing Company,Grand Canyon Brewing Company,American Amber / Red Ale,Amber Ale,5.45 %,5 %
224,0,2979,216,Street Cred India Rye Red Ale,Good People Stepchild Belgian India Red Ale,Roaring Fork Beer Company,Good People Brewing Company,American Amber / Red Ale,India Pale Ale &#40; IPA &#41;,7.20 %,7.80 %
225,0,3478,1934,Double Mongrel Imperial India Red Ale,Spring House Atomic Raygun Imperial Red Ale,Aspetuck Brew Lab,Spring House Brewing Company,American Amber / Red Ale,American Strong Ale,9.00 %,8.30 %
226,0,3402,1496,Red Shedman 's Imperial Amber Ale,Kinetic Infrared Imperial Red Ale,57 Brew Pub & Bistro,Kinetic Brewing Company,American Amber / Red Ale,American Strong Ale,7.60 %,9.30 %
227,0,486,1106,Eruption Imperial Red Ale,De Koninck TSTBRW 01 Imperial Red Ale,Worthy Brewing Co. .,Brouwerij De Koninck &#40; Duvel-Moortgat &#41;,American Amber / Red Ale,American Strong Ale,8.00 %,7.80 %
228,1,480,2576,Copperhead Amber Ale,Yalobusha Copperhead Amber Ale,Yalobusha Brewing Company,Yalobusha Brewing Company,American Amber / Red Ale,Amber Ale,5.65 %,5.60 %
229,1,61,2710,Dark Horse Amber Ale,Dark Horse Amber Ale,Dark Horse Brewing Company,Dark Horse Brewing Company,American Amber / Red Ale,Amber Ale,5.50 %,5.50 %
230,0,3626,641,Starlord 's Mixtape / Groot Drank Imperial Red Ale,Iron Horse Fresh Hop Imperial Red Ale,Charging Hippo Brewing Co. .,Iron Horse Brewery,American Amber / Red Ale,American Strong Ale,8.20 %,-
231,0,1664,1348,Red Emperor Amber Ale,Fox and Hound Red Fox Amber Ale,Fish Rock Brewery,Anheuser-Busch InBev,American Amber / Red Ale,Amber Ale,4.50 %,5.10 %
232,0,3478,1096,Double Mongrel Imperial India Red Ale,Boxing Cat Firecracker Imperial Red Ale,Aspetuck Brew Lab,Boxing Cat Brewery,American Amber / Red Ale,Amber Ale,9.00 %,6.60 %
233,1,418,2441,Strada S. Felice,Grado Plato Strada S. Felice,Grado Plato,Birrificio Grado Plato,American Amber / Red Ale,Spice/Herb/Vegetable,8.00 %,8 %
234,0,1604,213,Morrisons American Red Ale,Americas American Red Ale,Titanic Brewery,Americas Brewpub,American Amber / Red Ale,Amber Ale,4.50 %,-
235,0,2272,980,Arsenal Imperial Red Ale,Kern River Dirty Hippie Imperial Red Ale,Great River Brewery,Kern River Brewing,American Amber / Red Ale,American Strong Ale,9.00 %,8 %
236,0,1599,2975,Sea Spray Amber Ale,Swashbuckler Red Sea Amber Ale,Bowen Island Brewing Co. Ltd. .,Swashbuckler Brewing Company,American Amber / Red Ale,Amber Ale,5.00 %,-
237,0,99,2139,Alaskan Imperial Red Ale ( Pilot Series ),BottleTree Imperial Red Ale,Alaskan Brewing Co. .,Thomas Creek Brewery,American Amber / Red Ale,American Strong Ale,8.50 %,7.50 %
238,0,138,1638,Double Dread Imperial Red Ale,Ballast Point Tongue Buckler Imperial Red Ale,Mad River Brewing Company,Ballast Point Brewing Company,American Amber / Red Ale,American Strong Ale,8.60 %,10 %
239,0,1725,1376,Big V Amber Ale,Heinzelmannchen Big Amber Gnome Ale,FreeWheel Brewing Company,Heinzelmannchen Brewery,American Amber / Red Ale,Amber Ale,4.00 %,8 %
240,0,906,419,Big Horn Buttface Amber Ale,Big Texan Texas Red Amber Ale,C.B. & Potts,Big Texan Brewery,American Amber / Red Ale,Amber Ale,-,4.50 %
241,0,184,1428,Smuttynose Kindest Find Imperial Red Ale,Kettle House Bourbon Barrel Road Rash Imperial Red Ale,Smuttynose Brewing Company,Kettle House Brewing Company,American Amber / Red Ale,American Strong Ale,8.50 %,13 %
242,0,613,2429,Beer Of The Dragon,Anderson Valley Barrel Aged Horn of the Beer Barley Wine,Beachwood BBQ & Brewing,Anderson Valley Brewing Company,American Amber / Red Ale,Barley Wine,9.10 %,8.60 %
243,0,4329,2314,Barrel Aged Series : Barley Wine,Hangar 24 Barrel Roll No. 04 : Hammerhead - Barrel Aged Barley Wine,Parallel 49 Brewing Company,Hangar 24 Craft Brewery,American Barleywine,Barley Wine,11.80 %,11.20 %
244,0,4304,2429,Isle Of Pines Barley Wine,Anderson Valley Barrel Aged Horn of the Beer Barley Wine,Flying Goose Brew Pub & Grille,Anderson Valley Brewing Company,American Barleywine,Barley Wine,11.00 %,8.60 %
245,0,4216,730,Noggin Floggin ( Bourbon Barrel Aged ),MadTree Bourbon Barrel Aged Happy Amber,Hopworks Urban Brewery,MadTree Brewing Company,American Barleywine,Amber Ale,9.60 %,6 %
246,0,2811,838,Mermaid 's Red Ale - Bourbon Oak Aged,Brew Bus Detour Series : Rollin Dirty Red Ale - Wood Aged,Coronado Brewing Company,Cigar City Brewing,American Amber / Red Ale,Irish Ale,-,5 %
247,0,171,1026,Imperial Red Ale,ShuBrew Heart and Sole Imperial Red Ale,Epic Brewing Company,ShuBrew,American Amber / Red Ale,American Strong Ale,7.70 %,6.80 %
248,0,1515,716,Frog Island Amber Ale,Heavy Seas Desert Island Series American Honey Amber Ale,Frog Island Brewing Company,Heavy Seas Brewing Company,American Amber / Red Ale,Amber Ale,6.00 %,4.90 %
249,0,1022,2839,Olde Richmond Batch No. 9 Red Ale,Engine House No. 9 Rowdy Dick Amber Ale,Olde Richmond Beer Company,Engine House No. 9 Restaurant and Brewery,American Amber / Red Ale,Amber Ale,-,5.30 %
250,0,491,1638,West Sixth / Country Boy Country Western ( Volume 3 Imperial Red Ale ),Ballast Point Tongue Buckler Imperial Red Ale,West Sixth Brewing Company,Ballast Point Brewing Company,American Amber / Red Ale,American Strong Ale,13.00 %,10 %
251,0,492,2991,Double Dragon Imperial Red Ale,Wildcard Double Down Imperial Red Ale,Phillips Brewing Company,Wildcard Brewing Company,American Amber / Red Ale,American Strong Ale,8.20 %,7.50 %
252,0,2526,411,Barrel Aged Imperial Red Ale,Laurelwood Organic Deranger Imperial Red Ale,Boone Valley Brewing,Laurelwood Public House & Brewery,American Amber / Red Ale,American Strong Ale,9.99 %,8.60 %
253,0,1857,545,Ruby River Ruby Red Ale,Pine Creek River Valley Red Ale,Ruby River Steakhouse & Brewery,Big Rock Brewery,American Amber / Red Ale,Amber Ale,4.00 %,5 %
254,0,3246,2019,Buffalo Trace Bourbon Barrel Aged Amber Ale,Barrel Trolley Amber Ale,Wolf Hills Brewing Company,Genesee Brewing Company &#40; North American Breweries &#41;,American Amber / Red Ale,Amber Ale,-,-
255,0,4200,1825,Bourbon Barrel Aged Auld Bitch,Lompoc Bourbon Barrel Aged Proletariat Red Ale,Tahoe Mountain Brewing Co. .,Lompoc Brewing,American Barleywine,Amber Ale,11.00 %,6.40 %
256,1,3079,1650,Unite Red Rye Ale,Pike Unite Red Rye Ale,The Pike Brewing Company,Pike Brewing Company,American Amber / Red Ale,Amber Ale,4.60 %,4.60 %
257,0,2156,124,Red Dirt Imperial Red Ale,Laguna Beach Grateful Red Imperial Red Ale,Wiley Roots Brewing Co,Laguna Beach Brewing,American Amber / Red Ale,American Strong Ale,8.20 %,11 %
258,0,9,2728,Lagunitas Imperial Red Ale,Pizza Port Rhino Chaser Imperial Red Ale,Lagunitas Brewing Company,Pizza Port &#40; Ocean Beach &#41;,American Amber / Red Ale,American Strong Ale,7.80 %,9.50 %
259,0,1178,698,Brewmaster 's Reserve Imperial Red Ale,Rusty Truck Stupiphany Imperial Red Ale,BJ 's Chicago Pizza & Brewery Inc. .,Rusty Truck Brewing / Roadhouse 101,American Amber / Red Ale,American Strong Ale,9.20 %,8 %
260,0,655,90,Rhino Chaser Imperial Red Ale,Lagunitas Imperial Red Ale,Pizza Port Solana Beach,Lagunitas Brewing Company &#40; Heineken &#41;,American Amber / Red Ale,American Strong Ale,9.50 %,7.80 %
261,0,1755,1661,Batch 200 _ `` Olympus Mons Imperial Red Ale,Edge Imperial Red Ale &#40; Spring Seasonal &#41;,Due South Brewing Co. .,Edge Brewing Company,American Amber / Red Ale,American Strong Ale,9.20 %,8.50 %
262,0,2156,1255,Red Dirt Imperial Red Ale,Ballast Point Tongue Buckler Imperial Red Ale - Bourbon Barrel Aged,Wiley Roots Brewing Co,Ballast Point Brewing Company,American Amber / Red Ale,American Strong Ale,8.20 %,10 %
263,0,3251,997,Fresh Hop Red,Ice Harbor Double Red Ale - Fresh Hop,Liquid Mechanics Brewing Co. .,Ice Harbor Brewing Company,American Amber / Red Ale,Amber Ale,7.40 %,7 %
264,0,1725,2244,Big V Amber Ale,Big Axe Maple Wheat Amber Ale,FreeWheel Brewing Company,Big Axe Brewery and B & B,American Amber / Red Ale,Amber Ale,4.00 %,5 %
265,0,252,2975,Red Rose Amber Ale,Swashbuckler Red Sea Amber Ale,Baird Brewing Company / Fishmarket Taproom,Swashbuckler Brewing Company,American Amber / Red Ale,Amber Ale,5.40 %,-
266,0,3963,64,Hop Around Imperial Red Ale,Wynwood Fox Imperial Red Ale,Big Bay Brewing Co. .,Wynwood Brewing Company,American Amber / Red Ale,American Strong Ale,9.00 %,7.70 %
267,0,1649,2313,Bourbon Barrel Aged Panama Red Ale,AleSmith Old Numbskull - Bourbon Barrel Aged,Flossmoor Station Restaurant & Brewery,AleSmith Brewing Company,American Amber / Red Ale,Barley Wine,7.00 %,11 %
